DataID,Layer Type,DataPreProcessing,QbitNo,Encoding,Training_Itter,OptimisationAlgo,Lossfn,TrainParams,TrainedKernelMatrix,AlignmentHist,Accuracy,Precision,F1,Recall
JdjPKrN5X8RnbK4kyS4wt3,QAOA,pca,5,QAOA,30,Nestrov Momentum,,"[[0.64033742 0.16044262 0.86318065 0.87094174 0.97253576 0.70104664
  0.61119874 0.11309007 0.07956019 0.74306548]
 [0.03029321 0.38186878 0.0235155  0.38993942 0.99453392 0.91172019
  0.44023258 0.97944745 0.88694648 0.8145965 ]]",<function qsvm_training.<locals>.<lambda> at 0x000002C6CE066F20>,[],0.54,0.5046728971962616,0.54,0.5806451612903226
DataID,Layer Type,DataPreProcessing,QbitNo,Encoding,Training_Itter,OptimisationAlgo,Lossfn,TrainParams,TrainedKernelMatrix,AlignmentHist,Accuracy,Precision,F1,Recall
BxEVta2uZ6PuJmctCDmRns,QAOA,pca,4,QAOA,30,Nestrov Momentum,,"[[0.10063595 0.44795503 0.38417547 0.45618921 0.88844179 0.27296673
  0.87166721 0.49479172]
 [0.69079693 0.96541017 0.12315829 0.98470059 0.59426072 0.94208295
  0.88622967 0.08668996]
 [0.80494402 0.14361065 0.69536692 0.14657847 0.92582902 0.01208859
  0.17159521 0.55894031]
 [0.49565086 0.48039804 0.09128457 0.64639118 0.62802898 0.45679036
  0.18988035 0.64820117]
 [0.78038452 0.70174891 0.87708736 0.14934556 0.95411506 0.6062808
  0.29128083 0.65510961]]",<function qsvm_training.<locals>.<lambda> at 0x000001E8FB7A6F20>,[],0.56,0.48214285714285715,0.5510204081632653,0.6428571428571429
DataID,Layer Type,DataPreProcessing,QbitNo,Encoding,Training_Itter,OptimisationAlgo,Lossfn,TrainParams,TrainedKernelMatrix,AlignmentHist,Accuracy,Precision,F1,Recall
JUNd8MHAExbp4x9q6GJVE6,QAOA,pca,4,QAOA,300,Nestrov Momentum,,"[[ 3.85031392  5.7406679   4.1934273   5.86728467  0.18913241  4.28008086
  -0.14344691  2.45142325]
 [ 3.67598537  2.17533501  5.24463956  1.94699537  3.44725668  0.90259812
   6.05817932  5.59452297]
 [ 5.42719442  0.67173119  0.36537005  3.43577664  2.12969341  0.30204167
   0.09152879  6.01826161]
 [-0.0224518   1.40859944  2.12979729  5.78970177  4.8820153   5.26566441
   0.17312295  5.1730229 ]
 [ 2.22740839  4.62063781  0.67748027  4.38460546  2.14293799  1.33005956
   2.66828636  0.5776972 ]]",<function qsvm_training.<locals>.<lambda> at 0x00000206E4636F20>,[],0.51,0.3392857142857143,0.4367816091954023,0.6129032258064516
DataID,Layer Type,DataPreProcessing,QbitNo,Encoding,Training_Itter,OptimisationAlgo,Lossfn,TrainParams,TrainedKernelMatrix,AlignmentHist,Accuracy,Precision,F1,Recall
DuuKcnyWouya5PK6yPLBdV,Shallow_CRZ,pca,4,Angle_X,300,Nestrov Momentum,,"[[[1.96820832 2.16753535 4.98890934 5.14251554]
  [2.63056193 3.06731979 3.04983636 6.06907142]
  [1.30047815 6.11540478 6.0931267  2.28168266]]

 [[2.11938888 2.49694365 4.93310091 6.16743094]
  [2.63450698 0.12884621 5.56365556 5.01179   ]
  [2.3158491  2.41937713 4.40523831 1.33722152]]]",<function qsvm_training.<locals>.<lambda> at 0x0000021AB9E76F20>,[],0.48,0.0,0.0,0.0
DataID,Layer Type,DataPreProcessing,QbitNo,Encoding,Training_Itter,OptimisationAlgo,Lossfn,TrainParams,TrainedKernelMatrix,AlignmentHist,Accuracy,Precision,F1,Recall
drWbbKw94cwitaYnPCJdqS,Shallow_CRZ,pca,4,Angle_Z,30,Nestrov Momentum,,"[[[3.95132725 1.51421183 0.77965343 2.37687574]
  [1.57243015 3.65625208 5.99816894 0.20624119]
  [3.31916661 1.9674706  5.06442452 0.15345745]]

 [[0.24058621 2.82542898 1.14234287 3.56187437]
  [4.07390559 3.03355149 3.013013   4.450803  ]
  [4.03678908 2.91536499 6.05716781 3.07082536]]]",<function qsvm_training.<locals>.<lambda> at 0x00000206BC020540>,[],0.0,0.0,0.0,0.0
DataID,Layer Type,DataPreProcessing,QbitNo,Encoding,Training_Itter,OptimisationAlgo,Lossfn,TrainParams,TrainedKernelMatrix,AlignmentHist,Accuracy,Precision,F1,Recall
QQmXBLkeGfHvg6Vd7iZK5N,Shallow_CRZ,pca,4,Angle_X,300,Nestrov Momentum,,"[[[ 4.88749347  3.5791494   5.4698142   5.22657002]
  [ 4.00679806  1.13252461  0.33918259  0.1854689 ]
  [ 1.38358154  0.62241081  3.56346328  0.04692617]]

 [[ 6.17056348  5.99355821  1.45566302  0.34506374]
  [-1.13621604  4.54951651  4.30895113  4.54439295]
  [ 5.31362591  6.14416927  4.40166156  2.9201336 ]]]",<function qsvm_training.<locals>.<lambda> at 0x000001E02C43E5C0>,[],1.0,1.0,1.0,1.0
DataID,Layer Type,DataPreProcessing,QbitNo,Encoding,Training_Itter,OptimisationAlgo,Lossfn,TrainParams,TrainedKernelMatrix,AlignmentHist,Accuracy,Precision,F1,Recall
c3c6vNQb5xifmPEvD7yvkj,Deep_Entangle,pca,4,Angle_X,300,Nestrov Momentum,,"[[[ 6.1771131   4.84497113  3.26966694  5.65593042]
  [ 5.66216932  4.88914432  6.22553821  2.09002106]
  [ 2.68473648  0.63746252  2.92303536  6.10006813]
  [ 5.21329729  5.48844269  1.78749756  1.13723095]
  [ 3.77053941  1.6625997   2.13606312  5.96449325]
  [ 1.16892027  1.93878674  2.41870006  3.52822215]
  [ 1.0022854   3.53227594  4.24288094  2.76453287]
  [ 1.69152583  5.53546417  4.03611936  3.47452536]
  [ 5.40101829  6.35109725  2.75747814  2.96346528]]

 [[ 3.01764074  3.14427542  4.41211947  2.27323892]
  [ 2.82470218  6.35972866  4.8716249   5.71552995]
  [ 4.799957    1.36032262  2.00704494  5.43156202]
  [ 4.58887083  4.26120562  4.59428938  2.26628852]
  [-0.42853204  5.46432325  4.36337495  5.14870566]
  [ 2.46206749  2.26758615  0.11771188  3.30939543]
  [ 4.60818458  0.86971322  1.14641935  3.80300183]
  [ 1.87768757  2.82952737  3.90590277  4.71062506]
  [ 6.02728022  0.15673385  5.58709     3.99690522]]]",<function qsvm_training.<locals>.<lambda> at 0x000001E05E472B60>,[],1.0,1.0,1.0,1.0
DataID,Layer Type,DataPreProcessing,QbitNo,Encoding,Training_Itter,OptimisationAlgo,Lossfn,TrainParams,TrainedKernelMatrix,AlignmentHist,Accuracy,Precision,F1,Recall
jnNLhPGC8Ytfac4jkh67jV,QAOA,pca,4,QAOA,300,Nestrov Momentum,,"[[0.38428271 0.09360186 3.53988389 3.6218499  5.39004938 4.89339915
  5.21724184 0.02224879]
 [3.88395015 4.18252782 2.05876438 5.40184081 1.62639386 4.92240534
  1.34726638 6.1145595 ]
 [1.73239399 5.05549766 3.70797258 5.25008838 3.44475801 3.42870986
  3.17522541 2.35499841]
 [0.92099694 4.95938114 1.05307376 2.64352165 3.6901848  5.59925893
  1.17528094 3.48014745]]",<function qsvm_training.<locals>.<lambda> at 0x000001E05E472A20>,[],1.0,1.0,1.0,1.0
DataID,Layer Type,DataPreProcessing,QbitNo,Encoding,Training_Itter,OptimisationAlgo,Lossfn,TrainParams,TrainedKernelMatrix,AlignmentHist,Accuracy,Precision,F1,Recall
GempjPrt6SbijSHRo6RpuM,Shallow_CRZ,pca,8,Angle_X,300,Nestrov Momentum,,"[[[5.93526478 3.26600868 2.6901047  5.47285199 4.20242382 3.70604014
   4.95144668 1.04054144]
  [2.96544621 2.15656175 0.75919906 4.38612127 1.02854169 4.6698928
   2.11256242 0.01050487]
  [2.62494591 0.53454288 4.84282642 0.26023502 4.63124676 0.39881833
   1.48920676 0.80684135]]

 [[3.10669403 3.74641923 2.09789394 4.45650101 4.10854458 4.95494701
   1.05990306 0.9365392 ]
  [1.96685578 1.73815292 3.80844468 4.49705302 4.66489964 2.92301079
   4.30457321 5.02795256]
  [1.33144372 3.7569459  2.19829409 5.81185394 4.73416441 4.3708558
   1.9428107  0.83602476]]]",<function qsvm_training.<locals>.<lambda> at 0x000001E02C200540>,[],1.0,1.0,1.0,1.0
